zone09,ring_sector,x,y
1,1,1170293.652,1899558.788
2,1,1170293.652,1899558.788
3,1,1170293.652,1899558.788
4,1,1170293.652,1899558.788
5,1,1170293.652,1899558.788
6,1,1170293.652,1899558.788
7,1,1170293.652,1899558.788
8,1,1170293.652,1899558.788
9,1,1170293.652,1899558.788
10,1,1170293.652,1899558.788
11,1,1170293.652,1899558.788
12,1,1170293.652,1899558.788
13,1,1170293.652,1899558.788
14,1,1170293.652,1899558.788
15,1,1170293.652,1899558.788
16,1,1170293.652,1899558.788
17,1,1170293.652,1899558.788
18,1,1170293.652,1899558.788
19,1,1170293.652,1899558.788
20,1,1170293.652,1899558.788
21,1,1170293.652,1899558.788
22,1,1170293.652,1899558.788
23,1,1170293.652,1899558.788
24,1,1170293.652,1899558.788
25,1,1170293.652,1899558.788
26,1,1170293.652,1899558.788
27,1,1170293.652,1899558.788
28,1,1170293.652,1899558.788
29,1,1170293.652,1899558.788
30,1,1170293.652,1899558.788
31,1,1170293.652,1899558.788
32,1,1170293.652,1899558.788
33,1,1170293.652,1899558.788
34,1,1170293.652,1899558.788
35,1,1170293.652,1899558.788
36,1,1170293.652,1899558.788
37,1,1170293.652,1899558.788
38,1,1170293.652,1899558.788
39,1,1170293.652,1899558.788
40,1,1170293.652,1899558.788
41,1,1170293.652,1899558.788
42,1,1170293.652,1899558.788
43,1,1170293.652,1899558.788
44,1,1170293.652,1899558.788
45,1,1170293.652,1899558.788
46,1,1170293.652,1899558.788
47,1,1170293.652,1899558.788
48,1,1170293.652,1899558.788
49,1,1170293.652,1899558.788
50,1,1170293.652,1899558.788
51,1,1170293.652,1899558.788
52,1,1170293.652,1899558.788
53,1,1170293.652,1899558.788
54,1,1170293.652,1899558.788
55,1,1170293.652,1899558.788
56,1,1170293.652,1899558.788
57,1,1170293.652,1899558.788
58,1,1170293.652,1899558.788
59,1,1170293.652,1899558.788
60,1,1170293.652,1899558.788
61,1,1170293.652,1899558.788
62,1,1170293.652,1899558.788
63,1,1170293.652,1899558.788
64,1,1170293.652,1899558.788
65,1,1170293.652,1899558.788
66,1,1170293.652,1899558.788
67,1,1170293.652,1899558.788
68,1,1170293.652,1899558.788
69,1,1170293.652,1899558.788
70,1,1170293.652,1899558.788
71,1,1170293.652,1899558.788
72,1,1170293.652,1899558.788
73,1,1170293.652,1899558.788
74,1,1170293.652,1899558.788
75,1,1170293.652,1899558.788
76,1,1170293.652,1899558.788
77,1,1170293.652,1899558.788
78,1,1170293.652,1899558.788
79,1,1170293.652,1899558.788
80,1,1170293.652,1899558.788
81,1,1170293.652,1899558.788
82,1,1170293.652,1899558.788
83,1,1170293.652,1899558.788
84,1,1170293.652,1899558.788
85,1,1170293.652,1899558.788
86,1,1170293.652,1899558.788
87,1,1170293.652,1899558.788
88,1,1170293.652,1899558.788
89,2NW,1119770.054,1941550.602
90,2NW,1119770.054,1941550.602
91,2NW,1119770.054,1941550.602
92,2NW,1119770.054,1941550.602
93,2NW,1119770.054,1941550.602
94,2NW,1119770.054,1941550.602
95,2NW,1119770.054,1941550.602
96,2WNW,1124421.729,1917690.482
97,2WNW,1124421.729,1917690.482
98,2NW,1119770.054,1941550.602
99,2NW,1119770.054,1941550.602
100,2NW,1119770.054,1941550.602
101,2NW,1119770.054,1941550.602
102,2NW,1119770.054,1941550.602
103,2NW,1119770.054,1941550.602
104,2WNW,1124421.729,1917690.482
105,2WNW,1124421.729,1917690.482
106,2NW,1119770.054,1941550.602
107,2NW,1119770.054,1941550.602
108,2NW,1119770.054,1941550.602
109,2NW,1119770.054,1941550.602
110,2WNW,1124421.729,1917690.482
111,2NW,1119770.054,1941550.602
112,2N,1151848.229,1945496.844
113,2N,1151848.229,1945496.844
114,2N,1151848.229,1945496.844
115,2N,1151848.229,1945496.844
116,2N,1151848.229,1945496.844
117,2N,1151848.229,1945496.844
118,2N,1151848.229,1945496.844
119,2N,1151848.229,1945496.844
120,2NW,1119770.054,1941550.602
121,2NW,1119770.054,1941550.602
122,2N,1151848.229,1945496.844
123,2N,1151848.229,1945496.844
124,2N,1151848.229,1945496.844
125,2N,1151848.229,1945496.844
126,2NW,1119770.054,1941550.602
127,2NW,1119770.054,1941550.602
128,2NW,1119770.054,1941550.602
129,2NW,1119770.054,1941550.602
130,2N,1151848.229,1945496.844
131,2N,1151848.229,1945496.844
132,2NW,1119770.054,1941550.602
133,2NW,1119770.054,1941550.602
134,2NW,1119770.054,1941550.602
135,2NW,1119770.054,1941550.602
136,2N,1151848.229,1945496.844
137,2N,1151848.229,1945496.844
138,2WNW,1124421.729,1917690.482
139,2NW,1119770.054,1941550.602
140,2NW,1119770.054,1941550.602
141,2NW,1119770.054,1941550.602
142,2NW,1119770.054,1941550.602
143,2N,1151848.229,1945496.844
144,2WNW,1124421.729,1917690.482
145,2WNW,1124421.729,1917690.482
146,2WNW,1124421.729,1917690.482
147,2NW,1119770.054,1941550.602
148,2NW,1119770.054,1941550.602
149,2NW,1119770.054,1941550.602
150,2WNW,1124421.729,1917690.482
151,2WNW,1124421.729,1917690.482
152,2WNW,1124421.729,1917690.482
153,2WNW,1124421.729,1917690.482
154,2NW,1119770.054,1941550.602
155,2NW,1119770.054,1941550.602
156,2N,1151848.229,1945496.844
157,2N,1151848.229,1945496.844
158,2N,1151848.229,1945496.844
159,2N,1151848.229,1945496.844
160,2N,1151848.229,1945496.844
161,2N,1151848.229,1945496.844
162,2N,1151848.229,1945496.844
163,2N,1151848.229,1945496.844
164,2N,1151848.229,1945496.844
165,2N,1151848.229,1945496.844
166,2N,1151848.229,1945496.844
167,2N,1151848.229,1945496.844
168,2N,1151848.229,1945496.844
169,2W,1122400.189,1900784.934
170,2W,1122400.189,1900784.934
171,2WNW,1124421.729,1917690.482
172,2WNW,1124421.729,1917690.482
173,2WNW,1124421.729,1917690.482
174,2W,1122400.189,1900784.934
175,2W,1122400.189,1900784.934
176,2W,1122400.189,1900784.934
177,2W,1122400.189,1900784.934
178,2W,1122400.189,1900784.934
179,2W,1122400.189,1900784.934
180,2W,1122400.189,1900784.934
181,2W,1122400.189,1900784.934
182,2W,1122400.189,1900784.934
183,2W,1122400.189,1900784.934
184,2WSW,1122517.717,1877877.36
185,2WSW,1122517.717,1877877.36
186,2WSW,1122517.717,1877877.36
187,2WSW,1122517.717,1877877.36
188,2WSW,1122517.717,1877877.36
189,2WSW,1122517.717,1877877.36
190,2WSW,1122517.717,1877877.36
191,2SW,1145632.855,1857799.769
192,2SW,1145632.855,1857799.769
193,2SW,1145632.855,1857799.769
194,2SW,1145632.855,1857799.769
195,2S,1180165.893,1831877.911
196,2S,1180165.893,1831877.911
197,2SW,1145632.855,1857799.769
198,2SW,1145632.855,1857799.769
199,2SW,1145632.855,1857799.769
200,2SW,1145632.855,1857799.769
201,2SW,1145632.855,1857799.769
202,2SW,1145632.855,1857799.769
203,2SW,1145632.855,1857799.769
204,2SW,1145632.855,1857799.769
205,2SW,1145632.855,1857799.769
206,2SW,1145632.855,1857799.769
207,2SW,1145632.855,1857799.769
208,2SW,1145632.855,1857799.769
209,2SW,1145632.855,1857799.769
210,2SW,1145632.855,1857799.769
211,2SW,1145632.855,1857799.769
212,2SW,1145632.855,1857799.769
213,2SW,1145632.855,1857799.769
214,2SW,1145632.855,1857799.769
215,2SW,1145632.855,1857799.769
216,2SW,1145632.855,1857799.769
217,2SW,1145632.855,1857799.769
218,2SW,1145632.855,1857799.769
219,2SW,1145632.855,1857799.769
220,2SW,1145632.855,1857799.769
221,2SW,1145632.855,1857799.769
222,2SW,1145632.855,1857799.769
223,2S,1180165.893,1831877.911
224,2S,1180165.893,1831877.911
225,2S,1180165.893,1831877.911
226,2SW,1145632.855,1857799.769
227,2S,1180165.893,1831877.911
228,2S,1180165.893,1831877.911
229,2S,1180165.893,1831877.911
230,2S,1180165.893,1831877.911
231,2S,1180165.893,1831877.911
232,2S,1180165.893,1831877.911
233,2S,1180165.893,1831877.911
234,2S,1180165.893,1831877.911
235,2S,1180165.893,1831877.911
236,2S,1180165.893,1831877.911
237,2S,1180165.893,1831877.911
238,2S,1180165.893,1831877.911
239,2S,1180165.893,1831877.911
240,2S,1180165.893,1831877.911
241,2S,1180165.893,1831877.911
242,2S,1180165.893,1831877.911
243,2S,1180165.893,1831877.911
244,2S,1180165.893,1831877.911
245,2S,1180165.893,1831877.911
246,2S,1180165.893,1831877.911
247,2S,1180165.893,1831877.911
248,2S,1180165.893,1831877.911
249,2S,1180165.893,1831877.911
250,2S,1180165.893,1831877.911
251,2S,1180165.893,1831877.911
252,2S,1180165.893,1831877.911
253,2S,1180165.893,1831877.911
254,2S,1180165.893,1831877.911
255,2S,1180165.893,1831877.911
256,2S,1180165.893,1831877.911
257,2S,1180165.893,1831877.911
258,2SW,1145632.855,1857799.769
259,2S,1180165.893,1831877.911
260,2SW,1145632.855,1857799.769
261,2S,1180165.893,1831877.911
262,2SW,1145632.855,1857799.769
263,2SW,1145632.855,1857799.769
264,2S,1180165.893,1831877.911
265,2S,1180165.893,1831877.911
266,2S,1180165.893,1831877.911
267,2S,1180165.893,1831877.911
268,2S,1180165.893,1831877.911
269,2S,1180165.893,1831877.911
270,2S,1180165.893,1831877.911
271,2S,1180165.893,1831877.911
272,2S,1180165.893,1831877.911
273,2S,1180165.893,1831877.911
274,2S,1180165.893,1831877.911
275,2S,1180165.893,1831877.911
276,2S,1180165.893,1831877.911
277,2S,1180165.893,1831877.911
278,2S,1180165.893,1831877.911
279,2S,1180165.893,1831877.911
280,2S,1180165.893,1831877.911
281,2S,1180165.893,1831877.911
282,2S,1180165.893,1831877.911
283,2S,1180165.893,1831877.911
284,2S,1180165.893,1831877.911
285,2S,1180165.893,1831877.911
286,2S,1180165.893,1831877.911
287,2S,1180165.893,1831877.911
288,2S,1180165.893,1831877.911
289,2S,1180165.893,1831877.911
290,2S,1180165.893,1831877.911
291,2S,1180165.893,1831877.911
292,2S,1180165.893,1831877.911
293,2S,1180165.893,1831877.911
294,2S,1180165.893,1831877.911
295,2S,1180165.893,1831877.911
296,2S,1180165.893,1831877.911
297,2S,1180165.893,1831877.911
298,2S,1180165.893,1831877.911
299,2S,1180165.893,1831877.911
300,2S,1180165.893,1831877.911
301,2S,1180165.893,1831877.911
302,2S,1180165.893,1831877.911
303,2S,1180165.893,1831877.911
304,2S,1180165.893,1831877.911
305,2S,1180165.893,1831877.911
306,2S,1180165.893,1831877.911
307,2S,1180165.893,1831877.911
308,2S,1180165.893,1831877.911
309,2S,1180165.893,1831877.911
310,3NW,1062182.872,1980771.9
311,3NW,1062182.872,1980771.9
312,3NW,1062182.872,1980771.9
313,3NW,1062182.872,1980771.9
314,3NW,1062182.872,1980771.9
315,3NW,1062182.872,1980771.9
316,3WNW,1048540.322,1943185.204
317,3NW,1062182.872,1980771.9
318,3NW,1062182.872,1980771.9
319,3WNW,1048540.322,1943185.204
320,3WNW,1048540.322,1943185.204
321,3WNW,1048540.322,1943185.204
322,3WNW,1048540.322,1943185.204
323,3WNW,1048540.322,1943185.204
324,3WNW,1048540.322,1943185.204
325,3WNW,1048540.322,1943185.204
326,3WNW,1048540.322,1943185.204
327,3WNW,1048540.322,1943185.204
328,3WNW,1048540.322,1943185.204
329,3WNW,1048540.322,1943185.204
330,3WNW,1048540.322,1943185.204
331,3NW,1062182.872,1980771.9
332,3NW,1062182.872,1980771.9
333,3NW,1062182.872,1980771.9
334,3NW,1062182.872,1980771.9
335,3NW,1062182.872,1980771.9
336,3NW,1062182.872,1980771.9
337,3NW,1062182.872,1980771.9
338,3NW,1062182.872,1980771.9
339,3NW,1062182.872,1980771.9
340,3NW,1062182.872,1980771.9
341,3NW,1062182.872,1980771.9
342,3NW,1062182.872,1980771.9
343,3NW,1062182.872,1980771.9
344,3NW,1062182.872,1980771.9
345,3NW,1062182.872,1980771.9
346,3NW,1062182.872,1980771.9
347,3NW,1062182.872,1980771.9
348,3NW,1062182.872,1980771.9
349,3NW,1062182.872,1980771.9
350,3NW,1062182.872,1980771.9
351,3NW,1062182.872,1980771.9
352,3NW,1062182.872,1980771.9
353,3NW,1062182.872,1980771.9
354,3NW,1062182.872,1980771.9
355,3WNW,1048540.322,1943185.204
356,3NW,1062182.872,1980771.9
357,3NW,1062182.872,1980771.9
358,3NW,1062182.872,1980771.9
359,3NW,1062182.872,1980771.9
360,3NW,1062182.872,1980771.9
361,3NW,1062182.872,1980771.9
362,3NW,1062182.872,1980771.9
363,3NW,1062182.872,1980771.9
364,3WNW,1048540.322,1943185.204
365,3WNW,1048540.322,1943185.204
366,3WNW,1048540.322,1943185.204
367,3WNW,1048540.322,1943185.204
368,3WNW,1048540.322,1943185.204
369,3WNW,1048540.322,1943185.204
370,3WNW,1048540.322,1943185.204
371,3WNW,1048540.322,1943185.204
372,3WNW,1048540.322,1943185.204
373,3WNW,1048540.322,1943185.204
374,3WNW,1048540.322,1943185.204
375,3WNW,1048540.322,1943185.204
376,3WNW,1048540.322,1943185.204
377,3WNW,1048540.322,1943185.204
378,3WNW,1048540.322,1943185.204
379,3WNW,1048540.322,1943185.204
380,3WNW,1048540.322,1943185.204
381,3WNW,1048540.322,1943185.204
382,3WNW,1048540.322,1943185.204
383,3WNW,1048540.322,1943185.204
384,3WNW,1048540.322,1943185.204
385,3NW,1062182.872,1980771.9
386,3NW,1062182.872,1980771.9
387,3NW,1062182.872,1980771.9
388,3NW,1062182.872,1980771.9
389,3NW,1062182.872,1980771.9
390,3NW,1062182.872,1980771.9
391,3NW,1062182.872,1980771.9
392,3NW,1062182.872,1980771.9
393,3NW,1062182.872,1980771.9
394,3NW,1062182.872,1980771.9
395,3NW,1062182.872,1980771.9
396,3NW,1062182.872,1980771.9
397,3NW,1062182.872,1980771.9
398,3NW,1062182.872,1980771.9
399,3NW,1062182.872,1980771.9
400,3NW,1062182.872,1980771.9
401,3NW,1062182.872,1980771.9
402,3NW,1062182.872,1980771.9
403,3NW,1062182.872,1980771.9
404,3NW,1062182.872,1980771.9
405,3NW,1062182.872,1980771.9
406,3NW,1062182.872,1980771.9
407,3NW,1062182.872,1980771.9
408,3NW,1062182.872,1980771.9
409,3NW,1062182.872,1980771.9
410,3NW,1062182.872,1980771.9
411,3NW,1062182.872,1980771.9
412,3NW,1062182.872,1980771.9
413,3NW,1062182.872,1980771.9
414,3NW,1062182.872,1980771.9
415,3NW,1062182.872,1980771.9
416,3NW,1062182.872,1980771.9
417,3NW,1062182.872,1980771.9
418,3NW,1062182.872,1980771.9
419,3NW,1062182.872,1980771.9
420,3NW,1062182.872,1980771.9
421,3NW,1062182.872,1980771.9
422,3NW,1062182.872,1980771.9
423,3NW,1062182.872,1980771.9
424,3NW,1062182.872,1980771.9
425,3NW,1062182.872,1980771.9
426,2NW,1119770.054,1941550.602
427,3WNW,1048540.322,1943185.204
428,3WNW,1048540.322,1943185.204
429,3NW,1062182.872,1980771.9
430,3NW,1062182.872,1980771.9
431,2NW,1119770.054,1941550.602
432,3WNW,1048540.322,1943185.204
433,3WNW,1048540.322,1943185.204
434,3NW,1062182.872,1980771.9
435,2NW,1119770.054,1941550.602
436,3WNW,1048540.322,1943185.204
437,3WNW,1048540.322,1943185.204
438,3WNW,1048540.322,1943185.204
439,3WNW,1048540.322,1943185.204
440,2NW,1119770.054,1941550.602
441,3WNW,1048540.322,1943185.204
442,3WNW,1048540.322,1943185.204
443,3WNW,1048540.322,1943185.204
444,3N,1130229.921,1982069.017
445,3N,1130229.921,1982069.017
446,3N,1130229.921,1982069.017
447,3N,1130229.921,1982069.017
448,3N,1130229.921,1982069.017
449,3N,1130229.921,1982069.017
450,3N,1130229.921,1982069.017
451,3N,1130229.921,1982069.017
452,3N,1130229.921,1982069.017
453,3N,1130229.921,1982069.017
454,3N,1130229.921,1982069.017
455,3N,1130229.921,1982069.017
456,3N,1130229.921,1982069.017
457,3N,1130229.921,1982069.017
458,3N,1130229.921,1982069.017
459,3N,1130229.921,1982069.017
460,3N,1130229.921,1982069.017
461,3N,1130229.921,1982069.017
462,3N,1130229.921,1982069.017
463,3N,1130229.921,1982069.017
464,3N,1130229.921,1982069.017
465,3N,1130229.921,1982069.017
466,3N,1130229.921,1982069.017
467,3N,1130229.921,1982069.017
468,3NW,1062182.872,1980771.9
469,3N,1130229.921,1982069.017
470,3N,1130229.921,1982069.017
471,3N,1130229.921,1982069.017
472,3N,1130229.921,1982069.017
473,3N,1130229.921,1982069.017
474,3N,1130229.921,1982069.017
475,3N,1130229.921,1982069.017
476,3N,1130229.921,1982069.017
477,2NW,1119770.054,1941550.602
478,2NW,1119770.054,1941550.602
479,2NW,1119770.054,1941550.602
480,2NW,1119770.054,1941550.602
481,2NW,1119770.054,1941550.602
482,2N,1151848.229,1945496.844
483,2NW,1119770.054,1941550.602
484,2NW,1119770.054,1941550.602
485,2NW,1119770.054,1941550.602
486,2NW,1119770.054,1941550.602
487,2NW,1119770.054,1941550.602
488,2N,1151848.229,1945496.844
489,2NW,1119770.054,1941550.602
490,2NW,1119770.054,1941550.602
491,2NW,1119770.054,1941550.602
492,2NW,1119770.054,1941550.602
493,2NW,1119770.054,1941550.602
494,2NW,1119770.054,1941550.602
495,2NW,1119770.054,1941550.602
496,2NW,1119770.054,1941550.602
497,2NW,1119770.054,1941550.602
498,2NW,1119770.054,1941550.602
499,2NW,1119770.054,1941550.602
500,2NW,1119770.054,1941550.602
501,2NW,1119770.054,1941550.602
502,2NW,1119770.054,1941550.602
503,3N,1130229.921,1982069.017
504,3N,1130229.921,1982069.017
505,3N,1130229.921,1982069.017
506,3N,1130229.921,1982069.017
507,3N,1130229.921,1982069.017
508,3N,1130229.921,1982069.017
509,3N,1130229.921,1982069.017
510,3N,1130229.921,1982069.017
511,3N,1130229.921,1982069.017
512,3N,1130229.921,1982069.017
513,3N,1130229.921,1982069.017
514,3N,1130229.921,1982069.017
515,3N,1130229.921,1982069.017
516,3N,1130229.921,1982069.017
517,3N,1130229.921,1982069.017
518,3N,1130229.921,1982069.017
519,3N,1130229.921,1982069.017
520,2N,1151848.229,1945496.844
521,2N,1151848.229,1945496.844
522,2N,1151848.229,1945496.844
523,2N,1151848.229,1945496.844
524,2N,1151848.229,1945496.844
525,2N,1151848.229,1945496.844
526,2N,1151848.229,1945496.844
527,2N,1151848.229,1945496.844
528,2N,1151848.229,1945496.844
529,2N,1151848.229,1945496.844
530,2N,1151848.229,1945496.844
531,2N,1151848.229,1945496.844
532,2N,1151848.229,1945496.844
533,2N,1151848.229,1945496.844
534,2N,1151848.229,1945496.844
535,2N,1151848.229,1945496.844
536,2N,1151848.229,1945496.844
537,2N,1151848.229,1945496.844
538,2NW,1119770.054,1941550.602
539,2N,1151848.229,1945496.844
540,2N,1151848.229,1945496.844
541,2N,1151848.229,1945496.844
542,2N,1151848.229,1945496.844
543,2N,1151848.229,1945496.844
544,2N,1151848.229,1945496.844
545,2N,1151848.229,1945496.844
546,2N,1151848.229,1945496.844
547,2N,1151848.229,1945496.844
548,2WNW,1124421.729,1917690.482
549,2NW,1119770.054,1941550.602
550,2WNW,1124421.729,1917690.482
551,2WNW,1124421.729,1917690.482
552,2WNW,1124421.729,1917690.482
553,2W,1122400.189,1900784.934
554,2WNW,1124421.729,1917690.482
555,2WNW,1124421.729,1917690.482
556,2WNW,1124421.729,1917690.482
557,2WNW,1124421.729,1917690.482
558,2WNW,1124421.729,1917690.482
559,2W,1122400.189,1900784.934
560,2W,1122400.189,1900784.934
561,2W,1122400.189,1900784.934
562,2W,1122400.189,1900784.934
563,2WNW,1124421.729,1917690.482
564,2WNW,1124421.729,1917690.482
565,2W,1122400.189,1900784.934
566,2W,1122400.189,1900784.934
567,2W,1122400.189,1900784.934
568,2W,1122400.189,1900784.934
569,2W,1122400.189,1900784.934
570,2W,1122400.189,1900784.934
571,2W,1122400.189,1900784.934
572,2W,1122400.189,1900784.934
573,2W,1122400.189,1900784.934
574,2W,1122400.189,1900784.934
575,2W,1122400.189,1900784.934
576,2W,1122400.189,1900784.934
577,2W,1122400.189,1900784.934
578,2W,1122400.189,1900784.934
579,2W,1122400.189,1900784.934
580,2W,1122400.189,1900784.934
581,2W,1122400.189,1900784.934
582,2W,1122400.189,1900784.934
583,2W,1122400.189,1900784.934
584,2W,1122400.189,1900784.934
585,2W,1122400.189,1900784.934
586,2W,1122400.189,1900784.934
587,2W,1122400.189,1900784.934
588,2W,1122400.189,1900784.934
589,2WSW,1122517.717,1877877.36
590,2WSW,1122517.717,1877877.36
591,2WSW,1122517.717,1877877.36
592,2WSW,1122517.717,1877877.36
593,2WSW,1122517.717,1877877.36
594,2WSW,1122517.717,1877877.36
595,2WSW,1122517.717,1877877.36
596,2WSW,1122517.717,1877877.36
597,2WSW,1122517.717,1877877.36
598,2WSW,1122517.717,1877877.36
599,2WSW,1122517.717,1877877.36
600,2WSW,1122517.717,1877877.36
601,2W,1122400.189,1900784.934
602,2W,1122400.189,1900784.934
603,2W,1122400.189,1900784.934
604,2W,1122400.189,1900784.934
605,2WSW,1122517.717,1877877.36
606,2WSW,1122517.717,1877877.36
607,2WSW,1122517.717,1877877.36
608,2WSW,1122517.717,1877877.36
609,2WSW,1122517.717,1877877.36
610,2WSW,1122517.717,1877877.36
611,2WSW,1122517.717,1877877.36
612,2WSW,1122517.717,1877877.36
613,2WSW,1122517.717,1877877.36
614,2WSW,1122517.717,1877877.36
615,2WSW,1122517.717,1877877.36
616,2WSW,1122517.717,1877877.36
617,2WSW,1122517.717,1877877.36
618,2WSW,1122517.717,1877877.36
619,2WSW,1122517.717,1877877.36
620,2WSW,1122517.717,1877877.36
621,2WSW,1122517.717,1877877.36
622,2WSW,1122517.717,1877877.36
623,2SW,1145632.855,1857799.769
624,2SW,1145632.855,1857799.769
625,2WSW,1122517.717,1877877.36
626,2WSW,1122517.717,1877877.36
627,2WSW,1122517.717,1877877.36
628,2WSW,1122517.717,1877877.36
629,2SW,1145632.855,1857799.769
630,2SW,1145632.855,1857799.769
631,2WSW,1122517.717,1877877.36
632,2WSW,1122517.717,1877877.36
633,2WSW,1122517.717,1877877.36
634,2WSW,1122517.717,1877877.36
635,2SW,1145632.855,1857799.769
636,2SW,1145632.855,1857799.769
637,3SW,1113572.844,1815165.624
638,3SW,1113572.844,1815165.624
639,3SW,1113572.844,1815165.624
640,3SW,1113572.844,1815165.624
641,3SW,1113572.844,1815165.624
642,2SW,1145632.855,1857799.769
643,3SW,1113572.844,1815165.624
644,3SW,1113572.844,1815165.624
645,3SW,1113572.844,1815165.624
646,3SW,1113572.844,1815165.624
647,3SW,1113572.844,1815165.624
648,2SW,1145632.855,1857799.769
649,2WSW,1122517.717,1877877.36
650,2SW,1145632.855,1857799.769
651,2SW,1145632.855,1857799.769
652,2SW,1145632.855,1857799.769
653,2SW,1145632.855,1857799.769
654,2SW,1145632.855,1857799.769
655,2SW,1145632.855,1857799.769
656,2SW,1145632.855,1857799.769
657,2SW,1145632.855,1857799.769
658,2SW,1145632.855,1857799.769
659,2SW,1145632.855,1857799.769
660,2SW,1145632.855,1857799.769
661,3SW,1113572.844,1815165.624
662,3SW,1113572.844,1815165.624
663,3SW,1113572.844,1815165.624
664,3SW,1113572.844,1815165.624
665,3SW,1113572.844,1815165.624
666,3SW,1113572.844,1815165.624
667,3SW,1113572.844,1815165.624
668,3SW,1113572.844,1815165.624
669,3SW,1113572.844,1815165.624
670,3SW,1113572.844,1815165.624
671,3SW,1113572.844,1815165.624
672,3SW,1113572.844,1815165.624
673,3SW,1113572.844,1815165.624
674,3SW,1113572.844,1815165.624
675,3SW,1113572.844,1815165.624
676,3SW,1113572.844,1815165.624
677,3SW,1113572.844,1815165.624
678,3SW,1113572.844,1815165.624
679,3SW,1113572.844,1815165.624
680,2SW,1145632.855,1857799.769
681,2SW,1145632.855,1857799.769
682,2SW,1145632.855,1857799.769
683,2SW,1145632.855,1857799.769
684,2S,1180165.893,1831877.911
685,3SW,1113572.844,1815165.624
686,2SW,1145632.855,1857799.769
687,2SW,1145632.855,1857799.769
688,2SW,1145632.855,1857799.769
689,3SW,1113572.844,1815165.624
690,3SW,1113572.844,1815165.624
691,3SW,1113572.844,1815165.624
692,2SW,1145632.855,1857799.769
693,3SW,1113572.844,1815165.624
694,3SW,1113572.844,1815165.624
695,3SW,1113572.844,1815165.624
696,3SW,1113572.844,1815165.624
697,3SW,1113572.844,1815165.624
698,3SW,1113572.844,1815165.624
699,2SW,1145632.855,1857799.769
700,2S,1180165.893,1831877.911
701,2S,1180165.893,1831877.911
702,3SW,1113572.844,1815165.624
703,3SW,1113572.844,1815165.624
704,3SW,1113572.844,1815165.624
705,2SW,1145632.855,1857799.769
706,2S,1180165.893,1831877.911
707,2S,1180165.893,1831877.911
708,2S,1180165.893,1831877.911
709,2S,1180165.893,1831877.911
710,2S,1180165.893,1831877.911
711,3SW,1113572.844,1815165.624
712,3SW,1113572.844,1815165.624
713,3SW,1113572.844,1815165.624
714,3SW,1113572.844,1815165.624
715,3SW,1113572.844,1815165.624
716,3SW,1113572.844,1815165.624
717,3SW,1113572.844,1815165.624
718,3SW,1113572.844,1815165.624
719,3SW,1113572.844,1815165.624
720,3SW,1113572.844,1815165.624
721,3SW,1113572.844,1815165.624
722,3SW,1113572.844,1815165.624
723,3SW,1113572.844,1815165.624
724,3SW,1113572.844,1815165.624
725,3SW,1113572.844,1815165.624
726,3SW,1113572.844,1815165.624
727,2S,1180165.893,1831877.911
728,2S,1180165.893,1831877.911
729,3SW,1113572.844,1815165.624
730,3SW,1113572.844,1815165.624
731,3SW,1113572.844,1815165.624
732,3SW,1113572.844,1815165.624
733,2S,1180165.893,1831877.911
734,2S,1180165.893,1831877.911
735,3SW,1113572.844,1815165.624
736,3SW,1113572.844,1815165.624
737,3SW,1113572.844,1815165.624
738,3SW,1113572.844,1815165.624
739,3S,1171623.498,1738183.679
740,3S,1171623.498,1738183.679
741,3SW,1113572.844,1815165.624
742,3SW,1113572.844,1815165.624
743,3SW,1113572.844,1815165.624
744,3SW,1113572.844,1815165.624
745,3S,1171623.498,1738183.679
746,3S,1171623.498,1738183.679
747,3SW,1113572.844,1815165.624
748,3SW,1113572.844,1815165.624
749,3SW,1113572.844,1815165.624
750,3SW,1113572.844,1815165.624
751,3S,1171623.498,1738183.679
752,3S,1171623.498,1738183.679
753,3SW,1113572.844,1815165.624
754,3SW,1113572.844,1815165.624
755,3SW,1113572.844,1815165.624
756,3SW,1113572.844,1815165.624
757,3S,1171623.498,1738183.679
758,3S,1171623.498,1738183.679
759,2S,1180165.893,1831877.911
760,2S,1180165.893,1831877.911
761,2S,1180165.893,1831877.911
762,2S,1180165.893,1831877.911
763,2S,1180165.893,1831877.911
764,2S,1180165.893,1831877.911
765,2S,1180165.893,1831877.911
766,2S,1180165.893,1831877.911
767,2S,1180165.893,1831877.911
768,2S,1180165.893,1831877.911
769,2S,1180165.893,1831877.911
770,2S,1180165.893,1831877.911
771,2S,1180165.893,1831877.911
772,2S,1180165.893,1831877.911
773,2S,1180165.893,1831877.911
774,2S,1180165.893,1831877.911
775,2S,1180165.893,1831877.911
776,2S,1180165.893,1831877.911
777,2S,1180165.893,1831877.911
778,2S,1180165.893,1831877.911
779,2S,1180165.893,1831877.911
780,2S,1180165.893,1831877.911
781,2S,1180165.893,1831877.911
782,2S,1180165.893,1831877.911
783,3S,1171623.498,1738183.679
784,3S,1171623.498,1738183.679
785,3S,1171623.498,1738183.679
786,3S,1171623.498,1738183.679
787,3S,1171623.498,1738183.679
788,3S,1171623.498,1738183.679
789,3S,1171623.498,1738183.679
790,3S,1171623.498,1738183.679
791,3S,1171623.498,1738183.679
792,3S,1171623.498,1738183.679
793,3S,1171623.498,1738183.679
794,3S,1171623.498,1738183.679
795,2S,1180165.893,1831877.911
796,2S,1180165.893,1831877.911
797,2S,1180165.893,1831877.911
798,2S,1180165.893,1831877.911
799,2S,1180165.893,1831877.911
800,2S,1180165.893,1831877.911
801,2S,1180165.893,1831877.911
802,2S,1180165.893,1831877.911
803,3S,1171623.498,1738183.679
804,3S,1171623.498,1738183.679
805,3S,1171623.498,1738183.679
806,3S,1171623.498,1738183.679
807,3SW,1113572.844,1815165.624
808,3SW,1113572.844,1815165.624
809,3S,1171623.498,1738183.679
810,3S,1171623.498,1738183.679
811,3S,1171623.498,1738183.679
812,3S,1171623.498,1738183.679
813,3SW,1113572.844,1815165.624
814,3S,1171623.498,1738183.679
815,3S,1171623.498,1738183.679
816,3S,1171623.498,1738183.679
817,3S,1171623.498,1738183.679
818,3S,1171623.498,1738183.679
819,3S,1171623.498,1738183.679
820,3S,1171623.498,1738183.679
821,3S,1171623.498,1738183.679
822,3S,1171623.498,1738183.679
823,3S,1171623.498,1738183.679
824,3S,1171623.498,1738183.679
825,3S,1171623.498,1738183.679
826,3S,1171623.498,1738183.679
827,3S,1171623.498,1738183.679
828,3S,1171623.498,1738183.679
829,3S,1171623.498,1738183.679
830,3S,1171623.498,1738183.679
831,3S,1171623.498,1738183.679
832,3S,1171623.498,1738183.679
833,3S,1171623.498,1738183.679
834,3S,1171623.498,1738183.679
835,3S,1171623.498,1738183.679
836,3S,1171623.498,1738183.679
837,3S,1171623.498,1738183.679
838,3S,1171623.498,1738183.679
839,3S,1171623.498,1738183.679
840,3S,1171623.498,1738183.679
841,3S,1171623.498,1738183.679
842,3S,1171623.498,1738183.679
843,3S,1171623.498,1738183.679
844,3S,1171623.498,1738183.679
845,3S,1171623.498,1738183.679
846,3S,1171623.498,1738183.679
847,3S,1171623.498,1738183.679
848,3S,1171623.498,1738183.679
849,3S,1171623.498,1738183.679
850,3S,1171623.498,1738183.679
851,3S,1171623.498,1738183.679
852,3S,1171623.498,1738183.679
853,3S,1171623.498,1738183.679
854,3S,1171623.498,1738183.679
855,4NW,994470.3316,2060855.232
856,4NW,994470.3316,2060855.232
857,4NW,994470.3316,2060855.232
858,4NW,994470.3316,2060855.232
859,4NW,994470.3316,2060855.232
860,4NW,994470.3316,2060855.232
861,4NW,994470.3316,2060855.232
862,4NW,994470.3316,2060855.232
863,4NW,994470.3316,2060855.232
864,4NW,994470.3316,2060855.232
865,4NW,994470.3316,2060855.232
866,4NW,994470.3316,2060855.232
867,4NW,994470.3316,2060855.232
868,4NW,994470.3316,2060855.232
869,4NW,994470.3316,2060855.232
870,4NW,994470.3316,2060855.232
871,4NW,994470.3316,2060855.232
872,4NW,994470.3316,2060855.232
873,4NW,994470.3316,2060855.232
874,4NW,994470.3316,2060855.232
875,4NW,994470.3316,2060855.232
876,4NW,994470.3316,2060855.232
877,4NW,994470.3316,2060855.232
878,4NW,994470.3316,2060855.232
879,4NW,994470.3316,2060855.232
880,4NW,994470.3316,2060855.232
881,4NW,994470.3316,2060855.232
882,4NW,994470.3316,2060855.232
883,4NW,994470.3316,2060855.232
884,4NW,994470.3316,2060855.232
885,4NW,994470.3316,2060855.232
886,4NW,994470.3316,2060855.232
887,4NW,994470.3316,2060855.232
888,4NW,994470.3316,2060855.232
889,4NW,994470.3316,2060855.232
890,4NW,994470.3316,2060855.232
891,4NW,994470.3316,2060855.232
892,4NW,994470.3316,2060855.232
893,4NW,994470.3316,2060855.232
894,4NW,994470.3316,2060855.232
895,4NW,994470.3316,2060855.232
896,4NW,994470.3316,2060855.232
897,4NW,994470.3316,2060855.232
898,4NW,994470.3316,2060855.232
899,4NW,994470.3316,2060855.232
900,4NW,994470.3316,2060855.232
901,4NW,994470.3316,2060855.232
902,4NW,994470.3316,2060855.232
903,4NW,994470.3316,2060855.232
904,4NW,994470.3316,2060855.232
905,4NW,994470.3316,2060855.232
906,4NW,994470.3316,2060855.232
907,4NW,994470.3316,2060855.232
908,4NW,994470.3316,2060855.232
909,4NW,994470.3316,2060855.232
910,4NW,994470.3316,2060855.232
911,4NW,994470.3316,2060855.232
912,4NW,994470.3316,2060855.232
913,4NW,994470.3316,2060855.232
914,4NW,994470.3316,2060855.232
915,4NW,994470.3316,2060855.232
916,4NW,994470.3316,2060855.232
917,4NW,994470.3316,2060855.232
918,4NW,994470.3316,2060855.232
919,4NW,994470.3316,2060855.232
920,4NW,994470.3316,2060855.232
921,4NW,994470.3316,2060855.232
922,4NW,994470.3316,2060855.232
923,4NW,994470.3316,2060855.232
924,4NW,994470.3316,2060855.232
925,4NW,994470.3316,2060855.232
926,4NW,994470.3316,2060855.232
927,4NW,994470.3316,2060855.232
928,4NW,994470.3316,2060855.232
929,4NW,994470.3316,2060855.232
930,4NW,994470.3316,2060855.232
931,4NW,994470.3316,2060855.232
932,4NW,994470.3316,2060855.232
933,4NW,994470.3316,2060855.232
934,4NW,994470.3316,2060855.232
935,4NW,994470.3316,2060855.232
936,4NW,994470.3316,2060855.232
937,4NW,994470.3316,2060855.232
938,4NW,994470.3316,2060855.232
939,4NW,994470.3316,2060855.232
940,4NW,994470.3316,2060855.232
941,4NW,994470.3316,2060855.232
942,4NW,994470.3316,2060855.232
943,4NW,994470.3316,2060855.232
944,4NW,994470.3316,2060855.232
945,4NW,994470.3316,2060855.232
946,4NW,994470.3316,2060855.232
947,4NW,994470.3316,2060855.232
948,4NW,994470.3316,2060855.232
949,4NW,994470.3316,2060855.232
950,4NW,994470.3316,2060855.232
951,4NW,994470.3316,2060855.232
952,4NW,994470.3316,2060855.232
953,4NW,994470.3316,2060855.232
954,4NW,994470.3316,2060855.232
955,4NW,994470.3316,2060855.232
956,4NW,994470.3316,2060855.232
957,4NW,994470.3316,2060855.232
958,4NW,994470.3316,2060855.232
959,4NW,994470.3316,2060855.232
960,4NW,994470.3316,2060855.232
961,4NW,994470.3316,2060855.232
962,4NW,994470.3316,2060855.232
963,4NW,994470.3316,2060855.232
964,4NW,994470.3316,2060855.232
965,4NW,994470.3316,2060855.232
966,4NW,994470.3316,2060855.232
967,4NW,994470.3316,2060855.232
968,4NW,994470.3316,2060855.232
969,4NW,994470.3316,2060855.232
970,4NW,994470.3316,2060855.232
971,4NW,994470.3316,2060855.232
972,4NW,994470.3316,2060855.232
973,4NW,994470.3316,2060855.232
974,4NW,994470.3316,2060855.232
975,4NW,994470.3316,2060855.232
976,4NW,994470.3316,2060855.232
977,4NW,994470.3316,2060855.232
978,4NW,994470.3316,2060855.232
979,4NW,994470.3316,2060855.232
980,4NW,994470.3316,2060855.232
981,4NW,994470.3316,2060855.232
982,4NW,994470.3316,2060855.232
983,4NW,994470.3316,2060855.232
984,4NW,994470.3316,2060855.232
985,4NW,994470.3316,2060855.232
986,4NW,994470.3316,2060855.232
987,4NW,994470.3316,2060855.232
988,4NW,994470.3316,2060855.232
989,4NW,994470.3316,2060855.232
990,4NW,994470.3316,2060855.232
991,4NW,994470.3316,2060855.232
992,4NW,994470.3316,2060855.232
993,4NW,994470.3316,2060855.232
994,4NW,994470.3316,2060855.232
995,4NW,994470.3316,2060855.232
996,4NW,994470.3316,2060855.232
997,4NW,994470.3316,2060855.232
998,4NW,994470.3316,2060855.232
999,4NW,994470.3316,2060855.232
1000,4NW,994470.3316,2060855.232
1001,4NW,994470.3316,2060855.232
1002,4NW,994470.3316,2060855.232
1003,4NW,994470.3316,2060855.232
1004,4NW,994470.3316,2060855.232
1005,4NW,994470.3316,2060855.232
1006,4NW,994470.3316,2060855.232
1007,4NW,994470.3316,2060855.232
1008,4NW,994470.3316,2060855.232
1009,4NW,994470.3316,2060855.232
1010,4NW,994470.3316,2060855.232
1011,4NW,994470.3316,2060855.232
1012,4NW,994470.3316,2060855.232
1013,4NW,994470.3316,2060855.232
1014,4NW,994470.3316,2060855.232
1015,4NW,994470.3316,2060855.232
1016,4NW,994470.3316,2060855.232
1017,4NW,994470.3316,2060855.232
1018,4NW,994470.3316,2060855.232
1019,4NW,994470.3316,2060855.232
1020,4NW,994470.3316,2060855.232
1021,4NW,994470.3316,2060855.232
1022,4NW,994470.3316,2060855.232
1023,4NW,994470.3316,2060855.232
1024,4NW,994470.3316,2060855.232
1025,4NW,994470.3316,2060855.232
1026,4NW,994470.3316,2060855.232
1027,4NW,994470.3316,2060855.232
1028,4NW,994470.3316,2060855.232
1029,4NW,994470.3316,2060855.232
1030,4NW,994470.3316,2060855.232
1031,4NW,994470.3316,2060855.232
1032,4NW,994470.3316,2060855.232
1033,4NW,994470.3316,2060855.232
1034,4NW,994470.3316,2060855.232
1035,4NW,994470.3316,2060855.232
1036,4NW,994470.3316,2060855.232
1037,4NW,994470.3316,2060855.232
1038,4NW,994470.3316,2060855.232
1039,4NW,994470.3316,2060855.232
1040,4NW,994470.3316,2060855.232
1041,4NW,994470.3316,2060855.232
1042,4NW,994470.3316,2060855.232
1043,4NW,994470.3316,2060855.232
1044,4NW,994470.3316,2060855.232
1045,4NW,994470.3316,2060855.232
1046,4NW,994470.3316,2060855.232
1047,4NW,994470.3316,2060855.232
1048,4NW,994470.3316,2060855.232
1049,4NW,994470.3316,2060855.232
1050,4NW,994470.3316,2060855.232
1051,4NW,994470.3316,2060855.232
1052,4NW,994470.3316,2060855.232
1053,4NW,994470.3316,2060855.232
1054,4NW,994470.3316,2060855.232
1055,4NW,994470.3316,2060855.232
1056,4N,1114007.467,2060542.104
1057,4N,1114007.467,2060542.104
1058,4N,1114007.467,2060542.104
1059,4N,1114007.467,2060542.104
1060,4N,1114007.467,2060542.104
1061,4N,1114007.467,2060542.104
1062,4N,1114007.467,2060542.104
1063,4N,1114007.467,2060542.104
1064,4N,1114007.467,2060542.104
1065,4N,1114007.467,2060542.104
1066,4N,1114007.467,2060542.104
1067,4N,1114007.467,2060542.104
1068,4N,1114007.467,2060542.104
1069,4N,1114007.467,2060542.104
1070,4N,1114007.467,2060542.104
1071,4N,1114007.467,2060542.104
1072,4N,1114007.467,2060542.104
1073,4N,1114007.467,2060542.104
1074,4N,1114007.467,2060542.104
1075,4N,1114007.467,2060542.104
1076,4N,1114007.467,2060542.104
1077,4N,1114007.467,2060542.104
1078,4N,1114007.467,2060542.104
1079,4N,1114007.467,2060542.104
1080,4N,1114007.467,2060542.104
1081,4N,1114007.467,2060542.104
1082,4N,1114007.467,2060542.104
1083,4N,1114007.467,2060542.104
1084,4N,1114007.467,2060542.104
1085,4N,1114007.467,2060542.104
1086,4N,1114007.467,2060542.104
1087,4N,1114007.467,2060542.104
1088,4N,1114007.467,2060542.104
1089,4N,1114007.467,2060542.104
1090,4N,1114007.467,2060542.104
1091,4N,1114007.467,2060542.104
1092,4N,1114007.467,2060542.104
1093,4N,1114007.467,2060542.104
1094,4N,1114007.467,2060542.104
1095,4N,1114007.467,2060542.104
1096,4N,1114007.467,2060542.104
1097,4N,1114007.467,2060542.104
1098,4N,1114007.467,2060542.104
1099,4N,1114007.467,2060542.104
1100,4N,1114007.467,2060542.104
1101,4N,1114007.467,2060542.104
1102,4N,1114007.467,2060542.104
1103,4N,1114007.467,2060542.104
1104,4N,1114007.467,2060542.104
1105,4N,1114007.467,2060542.104
1106,4N,1114007.467,2060542.104
1107,4N,1114007.467,2060542.104
1108,4N,1114007.467,2060542.104
1109,4N,1114007.467,2060542.104
1110,4N,1114007.467,2060542.104
1111,4N,1114007.467,2060542.104
1112,4N,1114007.467,2060542.104
1113,4N,1114007.467,2060542.104
1114,4N,1114007.467,2060542.104
1115,4N,1114007.467,2060542.104
1116,4N,1114007.467,2060542.104
1117,4N,1114007.467,2060542.104
1118,4N,1114007.467,2060542.104
1119,4N,1114007.467,2060542.104
1120,4N,1114007.467,2060542.104
1121,4N,1114007.467,2060542.104
1122,4N,1114007.467,2060542.104
1123,4N,1114007.467,2060542.104
1124,4N,1114007.467,2060542.104
1125,4N,1114007.467,2060542.104
1126,4N,1114007.467,2060542.104
1127,4N,1114007.467,2060542.104
1128,4N,1114007.467,2060542.104
1129,4N,1114007.467,2060542.104
1130,4N,1114007.467,2060542.104
1131,4N,1114007.467,2060542.104
1132,4N,1114007.467,2060542.104
1133,4N,1114007.467,2060542.104
1134,4WNW,959831.5827,1967918.628
1135,4WNW,959831.5827,1967918.628
1136,4WNW,959831.5827,1967918.628
1137,4WNW,959831.5827,1967918.628
1138,4WNW,959831.5827,1967918.628
1139,4WNW,959831.5827,1967918.628
1140,4WNW,959831.5827,1967918.628
1141,4WNW,959831.5827,1967918.628
1142,4W,955533.6102,1906376.362
1143,4W,955533.6102,1906376.362
1144,4W,955533.6102,1906376.362
1145,4W,955533.6102,1906376.362
1146,4W,955533.6102,1906376.362
1147,4W,955533.6102,1906376.362
1148,4W,955533.6102,1906376.362
1149,4W,955533.6102,1906376.362
1150,4WSW,955955.4777,1815243.63
1151,4WSW,955955.4777,1815243.63
1152,4WSW,955955.4777,1815243.63
1153,4WSW,955955.4777,1815243.63
1154,4WNW,959831.5827,1967918.628
1155,4WNW,959831.5827,1967918.628
1156,4WNW,959831.5827,1967918.628
1157,4WNW,959831.5827,1967918.628
1158,4WNW,959831.5827,1967918.628
1159,4WNW,959831.5827,1967918.628
1160,4WNW,959831.5827,1967918.628
1161,4WNW,959831.5827,1967918.628
1162,4W,955533.6102,1906376.362
1163,4W,955533.6102,1906376.362
1164,4W,955533.6102,1906376.362
1165,4W,955533.6102,1906376.362
1166,4W,955533.6102,1906376.362
1167,4W,955533.6102,1906376.362
1168,4W,955533.6102,1906376.362
1169,4W,955533.6102,1906376.362
1170,4WSW,955955.4777,1815243.63
1171,4WSW,955955.4777,1815243.63
1172,4WSW,955955.4777,1815243.63
1173,4WSW,955955.4777,1815243.63
1174,4WSW,955955.4777,1815243.63
1175,4WSW,955955.4777,1815243.63
1176,4WSW,955955.4777,1815243.63
1177,4WSW,955955.4777,1815243.63
1178,4WSW,955955.4777,1815243.63
1179,4WSW,955955.4777,1815243.63
1180,4WNW,959831.5827,1967918.628
1181,4WNW,959831.5827,1967918.628
1182,4WNW,959831.5827,1967918.628
1183,4WNW,959831.5827,1967918.628
1184,4WNW,959831.5827,1967918.628
1185,4WNW,959831.5827,1967918.628
1186,4WNW,959831.5827,1967918.628
1187,4WNW,959831.5827,1967918.628
1188,4WNW,959831.5827,1967918.628
1189,4WNW,959831.5827,1967918.628
1190,4WNW,959831.5827,1967918.628
1191,4WNW,959831.5827,1967918.628
1192,4WNW,959831.5827,1967918.628
1193,4WNW,959831.5827,1967918.628
1194,4WNW,959831.5827,1967918.628
1195,4WNW,959831.5827,1967918.628
1196,4WNW,959831.5827,1967918.628
1197,4WNW,959831.5827,1967918.628
1198,4WNW,959831.5827,1967918.628
1199,4WNW,959831.5827,1967918.628
1200,4WNW,959831.5827,1967918.628
1201,4WNW,959831.5827,1967918.628
1202,4WNW,959831.5827,1967918.628
1203,4WNW,959831.5827,1967918.628
1204,4WNW,959831.5827,1967918.628
1205,4WNW,959831.5827,1967918.628
1206,4WNW,959831.5827,1967918.628
1207,4WNW,959831.5827,1967918.628
1208,4WNW,959831.5827,1967918.628
1209,4WNW,959831.5827,1967918.628
1210,4WNW,959831.5827,1967918.628
1211,4WNW,959831.5827,1967918.628
1212,4WNW,959831.5827,1967918.628
1213,4WNW,959831.5827,1967918.628
1214,4WNW,959831.5827,1967918.628
1215,4WNW,959831.5827,1967918.628
1216,4WNW,959831.5827,1967918.628
1217,4WNW,959831.5827,1967918.628
1218,4WNW,959831.5827,1967918.628
1219,4W,955533.6102,1906376.362
1220,4W,955533.6102,1906376.362
1221,4W,955533.6102,1906376.362
1222,4W,955533.6102,1906376.362
1223,4W,955533.6102,1906376.362
1224,4W,955533.6102,1906376.362
1225,4W,955533.6102,1906376.362
1226,4W,955533.6102,1906376.362
1227,4W,955533.6102,1906376.362
1228,4W,955533.6102,1906376.362
1229,4W,955533.6102,1906376.362
1230,4W,955533.6102,1906376.362
1231,4W,955533.6102,1906376.362
1232,4W,955533.6102,1906376.362
1233,4W,955533.6102,1906376.362
1234,4W,955533.6102,1906376.362
1235,4W,955533.6102,1906376.362
1236,4W,955533.6102,1906376.362
1237,4W,955533.6102,1906376.362
1238,4W,955533.6102,1906376.362
1239,4W,955533.6102,1906376.362
1240,4WSW,955955.4777,1815243.63
1241,4WSW,955955.4777,1815243.63
1242,4WSW,955955.4777,1815243.63
1243,4WSW,955955.4777,1815243.63
1244,4WSW,955955.4777,1815243.63
1245,4WSW,955955.4777,1815243.63
1246,4WSW,955955.4777,1815243.63
1247,4WSW,955955.4777,1815243.63
1248,4WSW,955955.4777,1815243.63
1249,4WSW,955955.4777,1815243.63
1250,4WSW,955955.4777,1815243.63
1251,4WSW,955955.4777,1815243.63
1252,4WSW,955955.4777,1815243.63
1253,4WSW,955955.4777,1815243.63
1254,4WSW,955955.4777,1815243.63
1255,4WSW,955955.4777,1815243.63
1256,4WSW,955955.4777,1815243.63
1257,4WSW,955955.4777,1815243.63
1258,4WSW,955955.4777,1815243.63
1259,4WSW,955955.4777,1815243.63
1260,4WSW,955955.4777,1815243.63
1261,4WSW,955955.4777,1815243.63
1262,4WSW,955955.4777,1815243.63
1263,4WSW,955955.4777,1815243.63
1264,4WSW,955955.4777,1815243.63
1265,4WSW,955955.4777,1815243.63
1266,4WSW,955955.4777,1815243.63
1267,4WSW,955955.4777,1815243.63
1268,4WSW,955955.4777,1815243.63
1269,4WSW,955955.4777,1815243.63
1270,4WSW,955955.4777,1815243.63
1271,4WSW,955955.4777,1815243.63
1272,4WSW,955955.4777,1815243.63
1273,4WSW,955955.4777,1815243.63
1274,4WSW,955955.4777,1815243.63
1275,4WSW,955955.4777,1815243.63
1276,4WSW,955955.4777,1815243.63
1277,4WSW,955955.4777,1815243.63
1278,4WSW,955955.4777,1815243.63
1279,3W,1050196.298,1901899.672
1280,3WNW,1048540.322,1943185.204
1281,3WNW,1048540.322,1943185.204
1282,3W,1050196.298,1901899.672
1283,3W,1050196.298,1901899.672
1284,3W,1050196.298,1901899.672
1285,3W,1050196.298,1901899.672
1286,3W,1050196.298,1901899.672
1287,3W,1050196.298,1901899.672
1288,3W,1050196.298,1901899.672
1289,3W,1050196.298,1901899.672
1290,3W,1050196.298,1901899.672
1291,3W,1050196.298,1901899.672
1292,3W,1050196.298,1901899.672
1293,3W,1050196.298,1901899.672
1294,3WSW,1044995.496,1853120.229
1295,3WSW,1044995.496,1853120.229
1296,3WSW,1044995.496,1853120.229
1297,3WSW,1044995.496,1853120.229
1298,3WSW,1044995.496,1853120.229
1299,3WSW,1044995.496,1853120.229
1300,3WSW,1044995.496,1853120.229
1301,3WSW,1044995.496,1853120.229
1302,3WSW,1044995.496,1853120.229
1303,3WSW,1044995.496,1853120.229
1304,3WSW,1044995.496,1853120.229
1305,3WSW,1044995.496,1853120.229
1306,3WSW,1044995.496,1853120.229
1307,3WSW,1044995.496,1853120.229
1308,3WSW,1044995.496,1853120.229
1309,3WSW,1044995.496,1853120.229
1310,3WSW,1044995.496,1853120.229
1311,3WSW,1044995.496,1853120.229
1312,3WSW,1044995.496,1853120.229
1313,3WSW,1044995.496,1853120.229
1314,3WSW,1044995.496,1853120.229
1315,3WSW,1044995.496,1853120.229
1316,3WSW,1044995.496,1853120.229
1317,3WSW,1044995.496,1853120.229
1318,3WSW,1044995.496,1853120.229
1319,3WSW,1044995.496,1853120.229
1320,3WSW,1044995.496,1853120.229
1321,3WSW,1044995.496,1853120.229
1322,3WSW,1044995.496,1853120.229
1323,3WSW,1044995.496,1853120.229
1324,3WSW,1044995.496,1853120.229
1325,3WSW,1044995.496,1853120.229
1326,3WSW,1044995.496,1853120.229
1327,3WNW,1048540.322,1943185.204
1328,3WNW,1048540.322,1943185.204
1329,3WNW,1048540.322,1943185.204
1330,3WNW,1048540.322,1943185.204
1331,3WNW,1048540.322,1943185.204
1332,3WNW,1048540.322,1943185.204
1333,3WNW,1048540.322,1943185.204
1334,3WNW,1048540.322,1943185.204
1335,3WNW,1048540.322,1943185.204
1336,3WNW,1048540.322,1943185.204
1337,3WNW,1048540.322,1943185.204
1338,3WNW,1048540.322,1943185.204
1339,3WNW,1048540.322,1943185.204
1340,3WNW,1048540.322,1943185.204
1341,3WNW,1048540.322,1943185.204
1342,3W,1050196.298,1901899.672
1343,3W,1050196.298,1901899.672
1344,3W,1050196.298,1901899.672
1345,3W,1050196.298,1901899.672
1346,3W,1050196.298,1901899.672
1347,3W,1050196.298,1901899.672
1348,3W,1050196.298,1901899.672
1349,3W,1050196.298,1901899.672
1350,3W,1050196.298,1901899.672
1351,3W,1050196.298,1901899.672
1352,3W,1050196.298,1901899.672
1353,3W,1050196.298,1901899.672
1354,3W,1050196.298,1901899.672
1355,3W,1050196.298,1901899.672
1356,3W,1050196.298,1901899.672
1357,3W,1050196.298,1901899.672
1358,3W,1050196.298,1901899.672
1359,3W,1050196.298,1901899.672
1360,3W,1050196.298,1901899.672
1361,3W,1050196.298,1901899.672
1362,3W,1050196.298,1901899.672
1363,3W,1050196.298,1901899.672
1364,3W,1050196.298,1901899.672
1365,3W,1050196.298,1901899.672
1366,3W,1050196.298,1901899.672
1367,3W,1050196.298,1901899.672
1368,3W,1050196.298,1901899.672
1369,3W,1050196.298,1901899.672
1370,3W,1050196.298,1901899.672
1371,3W,1050196.298,1901899.672
1372,3WSW,1044995.496,1853120.229
1373,3WSW,1044995.496,1853120.229
1374,3WSW,1044995.496,1853120.229
1375,3WSW,1044995.496,1853120.229
1376,3WSW,1044995.496,1853120.229
1377,3WSW,1044995.496,1853120.229
1378,3WSW,1044995.496,1853120.229
1379,3WSW,1044995.496,1853120.229
1380,3WSW,1044995.496,1853120.229
1381,3WSW,1044995.496,1853120.229
1382,3WSW,1044995.496,1853120.229
1383,3WSW,1044995.496,1853120.229
1384,3WSW,1044995.496,1853120.229
1385,3WSW,1044995.496,1853120.229
1386,3WSW,1044995.496,1853120.229
1387,3WSW,1044995.496,1853120.229
1388,3WSW,1044995.496,1853120.229
1389,3WSW,1044995.496,1853120.229
1390,3WNW,1048540.322,1943185.204
1391,3WNW,1048540.322,1943185.204
1392,3WNW,1048540.322,1943185.204
1393,3WNW,1048540.322,1943185.204
1394,3WNW,1048540.322,1943185.204
1395,3WNW,1048540.322,1943185.204
1396,3WNW,1048540.322,1943185.204
1397,3WNW,1048540.322,1943185.204
1398,3WNW,1048540.322,1943185.204
1399,3WNW,1048540.322,1943185.204
1400,3WNW,1048540.322,1943185.204
1401,3WNW,1048540.322,1943185.204
1402,3WNW,1048540.322,1943185.204
1403,3WNW,1048540.322,1943185.204
1404,3WNW,1048540.322,1943185.204
1405,3WNW,1048540.322,1943185.204
1406,3WNW,1048540.322,1943185.204
1407,3WNW,1048540.322,1943185.204
1408,3WNW,1048540.322,1943185.204
1409,3WNW,1048540.322,1943185.204
1410,3WNW,1048540.322,1943185.204
1411,3WNW,1048540.322,1943185.204
1412,3WNW,1048540.322,1943185.204
1413,3WNW,1048540.322,1943185.204
1414,3W,1050196.298,1901899.672
1415,3W,1050196.298,1901899.672
1416,3W,1050196.298,1901899.672
1417,3W,1050196.298,1901899.672
1418,3W,1050196.298,1901899.672
1419,3W,1050196.298,1901899.672
1420,3W,1050196.298,1901899.672
1421,3W,1050196.298,1901899.672
1422,3W,1050196.298,1901899.672
1423,3W,1050196.298,1901899.672
1424,3W,1050196.298,1901899.672
1425,3W,1050196.298,1901899.672
1426,3W,1050196.298,1901899.672
1427,3W,1050196.298,1901899.672
1428,3W,1050196.298,1901899.672
1429,3W,1050196.298,1901899.672
1430,3W,1050196.298,1901899.672
1431,3W,1050196.298,1901899.672
1432,3W,1050196.298,1901899.672
1433,3W,1050196.298,1901899.672
1434,3W,1050196.298,1901899.672
1435,3W,1050196.298,1901899.672
1436,3W,1050196.298,1901899.672
1437,3W,1050196.298,1901899.672
1438,3W,1050196.298,1901899.672
1439,3W,1050196.298,1901899.672
1440,3W,1050196.298,1901899.672
1441,3W,1050196.298,1901899.672
1442,3W,1050196.298,1901899.672
1443,3W,1050196.298,1901899.672
1444,3W,1050196.298,1901899.672
1445,3W,1050196.298,1901899.672
1446,3W,1050196.298,1901899.672
1447,3W,1050196.298,1901899.672
1448,3W,1050196.298,1901899.672
1449,3W,1050196.298,1901899.672
1450,3WSW,1044995.496,1853120.229
1451,3WSW,1044995.496,1853120.229
1452,3WSW,1044995.496,1853120.229
1453,3WSW,1044995.496,1853120.229
1454,3WSW,1044995.496,1853120.229
1455,3WSW,1044995.496,1853120.229
1456,3WSW,1044995.496,1853120.229
1457,3WSW,1044995.496,1853120.229
1458,3WSW,1044995.496,1853120.229
1459,3WSW,1044995.496,1853120.229
1460,3WSW,1044995.496,1853120.229
1461,3WSW,1044995.496,1853120.229
1462,3WSW,1044995.496,1853120.229
1463,3WSW,1044995.496,1853120.229
1464,3WSW,1044995.496,1853120.229
1465,3WSW,1044995.496,1853120.229
1466,3WSW,1044995.496,1853120.229
1467,3WSW,1044995.496,1853120.229
1468,3WSW,1044995.496,1853120.229
1469,3WSW,1044995.496,1853120.229
1470,3WSW,1044995.496,1853120.229
1471,3WSW,1044995.496,1853120.229
1472,3WSW,1044995.496,1853120.229
1473,3WSW,1044995.496,1853120.229
1474,3WSW,1044995.496,1853120.229
1475,3WSW,1044995.496,1853120.229
1476,3WSW,1044995.496,1853120.229
1477,3WSW,1044995.496,1853120.229
1478,3WSW,1044995.496,1853120.229
1479,3WSW,1044995.496,1853120.229
1480,3WSW,1044995.496,1853120.229
1481,3WSW,1044995.496,1853120.229
1482,3WSW,1044995.496,1853120.229
1483,3WSW,1044995.496,1853120.229
1484,3WSW,1044995.496,1853120.229
1485,3WSW,1044995.496,1853120.229
1486,3WSW,1044995.496,1853120.229
1487,3WSW,1044995.496,1853120.229
1488,3WSW,1044995.496,1853120.229
1489,3WSW,1044995.496,1853120.229
1490,3WSW,1044995.496,1853120.229
1491,3WSW,1044995.496,1853120.229
1492,3WSW,1044995.496,1853120.229
1493,3WSW,1044995.496,1853120.229
1494,3WSW,1044995.496,1853120.229
1495,3WSW,1044995.496,1853120.229
1496,3WSW,1044995.496,1853120.229
1497,3WSW,1044995.496,1853120.229
1498,3SW,1113572.844,1815165.624
1499,3SW,1113572.844,1815165.624
1500,3SW,1113572.844,1815165.624
1501,3SW,1113572.844,1815165.624
1502,3SW,1113572.844,1815165.624
1503,3WSW,1044995.496,1853120.229
1504,3WSW,1044995.496,1853120.229
1505,3WSW,1044995.496,1853120.229
1506,3WSW,1044995.496,1853120.229
1507,3WSW,1044995.496,1853120.229
1508,3WSW,1044995.496,1853120.229
1509,3WSW,1044995.496,1853120.229
1510,3WSW,1044995.496,1853120.229
1511,3WSW,1044995.496,1853120.229
1512,4SW,1059835.479,1737488.564
1513,4SW,1059835.479,1737488.564
1514,4SW,1059835.479,1737488.564
1515,4SW,1059835.479,1737488.564
1516,4SW,1059835.479,1737488.564
1517,4SW,1059835.479,1737488.564
1518,4SW,1059835.479,1737488.564
1519,4SW,1059835.479,1737488.564
1520,4SW,1059835.479,1737488.564
1521,4SW,1059835.479,1737488.564
1522,4SW,1059835.479,1737488.564
1523,4SW,1059835.479,1737488.564
1524,4SW,1059835.479,1737488.564
1525,4SW,1059835.479,1737488.564
1526,4SW,1059835.479,1737488.564
1527,4SW,1059835.479,1737488.564
1528,4SW,1059835.479,1737488.564
1529,4SW,1059835.479,1737488.564
1530,4SW,1059835.479,1737488.564
1531,4SW,1059835.479,1737488.564
1532,4SW,1059835.479,1737488.564
1533,4SW,1059835.479,1737488.564
1534,4SW,1059835.479,1737488.564
1535,4SW,1059835.479,1737488.564
1536,4SW,1059835.479,1737488.564
1537,4SW,1059835.479,1737488.564
1538,4SW,1059835.479,1737488.564
1539,4SW,1059835.479,1737488.564
1540,4SW,1059835.479,1737488.564
1541,4SW,1059835.479,1737488.564
1542,3WSW,1044995.496,1853120.229
1543,3WSW,1044995.496,1853120.229
1544,3WSW,1044995.496,1853120.229
1545,3WSW,1044995.496,1853120.229
1546,3WSW,1044995.496,1853120.229
1547,3WSW,1044995.496,1853120.229
1548,3WSW,1044995.496,1853120.229
1549,3WSW,1044995.496,1853120.229
1550,3SW,1113572.844,1815165.624
1551,3WSW,1044995.496,1853120.229
1552,3WSW,1044995.496,1853120.229
1553,3WSW,1044995.496,1853120.229
1554,3WSW,1044995.496,1853120.229
1555,3WSW,1044995.496,1853120.229
1556,3SW,1113572.844,1815165.624
1557,4SW,1059835.479,1737488.564
1558,4SW,1059835.479,1737488.564
1559,4SW,1059835.479,1737488.564
1560,4SW,1059835.479,1737488.564
1561,4SW,1059835.479,1737488.564
1562,4SW,1059835.479,1737488.564
1563,4SW,1059835.479,1737488.564
1564,4SW,1059835.479,1737488.564
1565,4SW,1059835.479,1737488.564
1566,4SW,1059835.479,1737488.564
1567,4SW,1059835.479,1737488.564
1568,4SW,1059835.479,1737488.564
1569,4SW,1059835.479,1737488.564
1570,4SW,1059835.479,1737488.564
1571,4SW,1059835.479,1737488.564
1572,4SW,1059835.479,1737488.564
1573,4SW,1059835.479,1737488.564
1574,4SW,1059835.479,1737488.564
1575,4SW,1059835.479,1737488.564
1576,4SW,1059835.479,1737488.564
1577,4SW,1059835.479,1737488.564
1578,4SW,1059835.479,1737488.564
1579,4SW,1059835.479,1737488.564
1580,4SW,1059835.479,1737488.564
1581,4SW,1059835.479,1737488.564
1582,4SW,1059835.479,1737488.564
1583,4SW,1059835.479,1737488.564
1584,4SW,1059835.479,1737488.564
1585,4SW,1059835.479,1737488.564
1586,4SW,1059835.479,1737488.564
1587,4SW,1059835.479,1737488.564
1588,4SW,1059835.479,1737488.564
1589,4SW,1059835.479,1737488.564
1590,4SW,1059835.479,1737488.564
1591,4SW,1059835.479,1737488.564
1592,4SW,1059835.479,1737488.564
1593,4SW,1059835.479,1737488.564
1594,4SW,1059835.479,1737488.564
1595,4SW,1059835.479,1737488.564
1596,4SW,1059835.479,1737488.564
1597,4SW,1059835.479,1737488.564
1598,4SW,1059835.479,1737488.564
1599,4SW,1059835.479,1737488.564
1600,4SW,1059835.479,1737488.564
1601,4SW,1059835.479,1737488.564
1602,4SW,1059835.479,1737488.564
1603,4SW,1059835.479,1737488.564
1604,4SW,1059835.479,1737488.564
1605,4SW,1059835.479,1737488.564
1606,4SW,1059835.479,1737488.564
1607,4SW,1059835.479,1737488.564
1608,4SW,1059835.479,1737488.564
1609,4SW,1059835.479,1737488.564
1610,4SW,1059835.479,1737488.564
1611,4SW,1059835.479,1737488.564
1612,4SW,1059835.479,1737488.564
1613,4SW,1059835.479,1737488.564
1614,4SW,1059835.479,1737488.564
1615,4SW,1059835.479,1737488.564
1616,4SW,1059835.479,1737488.564
1617,4SW,1059835.479,1737488.564
1618,4SW,1059835.479,1737488.564
1619,4SW,1059835.479,1737488.564
1620,4SW,1059835.479,1737488.564
1621,4SW,1059835.479,1737488.564
1622,4SW,1059835.479,1737488.564
1623,4SW,1059835.479,1737488.564
1624,4SW,1059835.479,1737488.564
1625,4SW,1059835.479,1737488.564
1626,4SW,1059835.479,1737488.564
1627,4SW,1059835.479,1737488.564
1628,4SW,1059835.479,1737488.564
1629,4SW,1059835.479,1737488.564
1630,4SW,1059835.479,1737488.564
1631,4SW,1059835.479,1737488.564
1632,4SW,1059835.479,1737488.564
1633,4SW,1059835.479,1737488.564
1634,4SW,1059835.479,1737488.564
1635,4SW,1059835.479,1737488.564
1636,4SW,1059835.479,1737488.564
1637,4SW,1059835.479,1737488.564
1638,4SW,1059835.479,1737488.564
1639,4SW,1059835.479,1737488.564
1640,4SW,1059835.479,1737488.564
1641,4SW,1059835.479,1737488.564
1642,4SW,1059835.479,1737488.564
1643,4SW,1059835.479,1737488.564
1644,4SW,1059835.479,1737488.564
1645,4SW,1059835.479,1737488.564
1646,4SW,1059835.479,1737488.564
1647,4SW,1059835.479,1737488.564
1648,4SW,1059835.479,1737488.564
1649,4SW,1059835.479,1737488.564
1650,4SW,1059835.479,1737488.564
1651,4SW,1059835.479,1737488.564
1652,4SW,1059835.479,1737488.564
1653,4SW,1059835.479,1737488.564
1654,4SW,1059835.479,1737488.564
1655,4SW,1059835.479,1737488.564
1656,4SW,1059835.479,1737488.564
1657,4SW,1059835.479,1737488.564
1658,4SW,1059835.479,1737488.564
1659,4SW,1059835.479,1737488.564
1660,4SW,1059835.479,1737488.564
1661,3S,1171623.498,1738183.679
1662,3S,1171623.498,1738183.679
1663,3S,1171623.498,1738183.679
1664,3S,1171623.498,1738183.679
1665,3S,1171623.498,1738183.679
1666,3S,1171623.498,1738183.679
1667,3S,1171623.498,1738183.679
1668,3S,1171623.498,1738183.679
1669,3S,1171623.498,1738183.679
1670,3S,1171623.498,1738183.679
1671,3S,1171623.498,1738183.679
1672,3S,1171623.498,1738183.679
1673,3S,1171623.498,1738183.679
1674,3S,1171623.498,1738183.679
1675,3S,1171623.498,1738183.679
1676,3S,1171623.498,1738183.679
1677,3S,1171623.498,1738183.679
1678,3S,1171623.498,1738183.679
1679,3S,1171623.498,1738183.679
1680,3S,1171623.498,1738183.679
1681,3S,1171623.498,1738183.679
1682,3S,1171623.498,1738183.679
1683,3S,1171623.498,1738183.679
1684,3S,1171623.498,1738183.679
1685,3S,1171623.498,1738183.679
1686,3S,1171623.498,1738183.679
1687,3S,1171623.498,1738183.679
1688,3S,1171623.498,1738183.679
1689,3S,1171623.498,1738183.679
1690,3S,1171623.498,1738183.679
1691,4WSW,955955.4777,1815243.63
1692,4WSW,955955.4777,1815243.63
1693,4WSW,955955.4777,1815243.63
1694,4WSW,955955.4777,1815243.63
1695,4WSW,955955.4777,1815243.63
1696,4WSW,955955.4777,1815243.63
1697,4WSW,955955.4777,1815243.63
1698,4WSW,955955.4777,1815243.63
1699,4WSW,955955.4777,1815243.63
1700,4WSW,955955.4777,1815243.63
1701,4WSW,955955.4777,1815243.63
1702,4WSW,955955.4777,1815243.63
1703,4WSW,955955.4777,1815243.63
1704,4WSW,955955.4777,1815243.63
1705,4WSW,955955.4777,1815243.63
1706,4WSW,955955.4777,1815243.63
1707,4WSW,955955.4777,1815243.63
1708,4WSW,955955.4777,1815243.63
1709,4WSW,955955.4777,1815243.63
1710,4WSW,955955.4777,1815243.63
1711,4SW,1059835.479,1737488.564
1712,XIL,823877.562,1870395.896
1713,XIL,823877.562,1870395.896
1714,XIL,823877.562,1870395.896
1715,XIL,823877.562,1870395.896
1716,XIL,823877.562,1870395.896
1717,XIL,823877.562,1870395.896
1718,XIL,823877.562,1870395.896
1719,XIL,823877.562,1870395.896
1720,XIL,823877.562,1870395.896
1721,XIL,823877.562,1870395.896
1722,XIL,823877.562,1870395.896
1723,XIL,823877.562,1870395.896
1724,XIL,823877.562,1870395.896
1725,XIL,823877.562,1870395.896
1726,XIL,823877.562,1870395.896
1727,XIL,823877.562,1870395.896
1728,XIL,823877.562,1870395.896
1729,XIL,823877.562,1870395.896
1730,XIL,823877.562,1870395.896
1731,XIL,823877.562,1870395.896
1732,XIL,823877.562,1870395.896
1733,XIL,823877.562,1870395.896
1734,XIL,823877.562,1870395.896
1735,XIL,823877.562,1870395.896
1736,XIL,823877.562,1870395.896
1737,XIL,823877.562,1870395.896
1738,XIL,823877.562,1870395.896
1739,XIL,823877.562,1870395.896
1740,XIL,823877.562,1870395.896
1741,XIL,823877.562,1870395.896
1742,XIL,823877.562,1870395.896
1743,XIL,823877.562,1870395.896
1744,XIL,823877.562,1870395.896
1745,XIL,823877.562,1870395.896
1746,XIL,823877.562,1870395.896
1747,XIL,823877.562,1870395.896
1748,XIL,823877.562,1870395.896
1749,XIL,823877.562,1870395.896
1750,XIL,823877.562,1870395.896
1751,XIL,823877.562,1870395.896
1752,XIL,823877.562,1870395.896
1753,XIL,823877.562,1870395.896
1754,XIL,823877.562,1870395.896
1755,XIL,823877.562,1870395.896
1756,XIL,823877.562,1870395.896
1757,XIL,823877.562,1870395.896
1758,XIL,823877.562,1870395.896
1759,XIL,823877.562,1870395.896
1760,XIL,823877.562,1870395.896
1761,XIL,823877.562,1870395.896
1762,XIL,823877.562,1870395.896
1763,XIL,823877.562,1870395.896
1764,XIL,823877.562,1870395.896
1765,XIL,823877.562,1870395.896
1766,XIL,823877.562,1870395.896
1767,XIL,823877.562,1870395.896
1768,XIL,823877.562,1870395.896
1769,XIL,823877.562,1870395.896
1770,XIL,823877.562,1870395.896
1771,XIL,823877.562,1870395.896
1772,XIL,823877.562,1870395.896
1773,XIL,823877.562,1870395.896
1774,XIL,823877.562,1870395.896
1775,XIL,823877.562,1870395.896
1776,XIL,823877.562,1870395.896
1777,XIL,823877.562,1870395.896
1778,XIL,823877.562,1870395.896
1779,XIL,823877.562,1870395.896
1780,XIL,823877.562,1870395.896
1781,XIL,823877.562,1870395.896
1782,XIL,823877.562,1870395.896
1783,XIL,823877.562,1870395.896
1784,XIL,823877.562,1870395.896
1785,XIL,823877.562,1870395.896
1786,XIL,823877.562,1870395.896
1787,XIL,823877.562,1870395.896
1788,XIL,823877.562,1870395.896
1789,XIL,823877.562,1870395.896
1790,XIL,823877.562,1870395.896
1791,XIL,823877.562,1870395.896
1792,XIL,823877.562,1870395.896
1793,XIL,823877.562,1870395.896
1794,XIL,823877.562,1870395.896
1795,XIL,823877.562,1870395.896
1796,XIL,823877.562,1870395.896
1797,XIL,823877.562,1870395.896
1798,XIL,823877.562,1870395.896
1799,XIL,823877.562,1870395.896
1800,XIL,823877.562,1870395.896
1801,XIL,823877.562,1870395.896
1802,XIL,823877.562,1870395.896
1803,XIL,823877.562,1870395.896
1804,XIL,823877.562,1870395.896
1805,XIL,823877.562,1870395.896
1806,XIL,823877.562,1870395.896
1807,XIL,823877.562,1870395.896
1808,XIL,823877.562,1870395.896
1809,XIL,823877.562,1870395.896
1810,XIL,823877.562,1870395.896
1811,XIL,823877.562,1870395.896
1812,XIL,823877.562,1870395.896
1813,XIL,823877.562,1870395.896
1814,XIL,823877.562,1870395.896
1815,XIL,823877.562,1870395.896
1816,XIL,823877.562,1870395.896
1817,XIL,823877.562,1870395.896
1818,XIL,823877.562,1870395.896
1819,XIL,823877.562,1870395.896
1820,XIL,823877.562,1870395.896
1821,XIL,823877.562,1870395.896
1822,XIL,823877.562,1870395.896
1823,XIL,823877.562,1870395.896
1824,XIL,823877.562,1870395.896
1825,XIL,823877.562,1870395.896
1826,XIL,823877.562,1870395.896
1827,XIL,823877.562,1870395.896
1828,XIL,823877.562,1870395.896
1829,XIL,823877.562,1870395.896
1830,XIL,823877.562,1870395.896
1831,XIL,823877.562,1870395.896
1832,XIL,823877.562,1870395.896
1833,XIL,823877.562,1870395.896
1834,XIL,823877.562,1870395.896
1835,XIL,823877.562,1870395.896
1836,3IN,1239623.575,1781577.283
1837,3IN,1239623.575,1781577.283
1838,3IN,1239623.575,1781577.283
1839,3IN,1239623.575,1781577.283
1840,3IN,1239623.575,1781577.283
1841,3IN,1239623.575,1781577.283
1842,3IN,1239623.575,1781577.283
1843,3IN,1239623.575,1781577.283
1844,3IN,1239623.575,1781577.283
1845,3IN,1239623.575,1781577.283
1846,3IN,1239623.575,1781577.283
1847,3IN,1239623.575,1781577.283
1848,3IN,1239623.575,1781577.283
1849,3IN,1239623.575,1781577.283
1850,3IN,1239623.575,1781577.283
1851,3IN,1239623.575,1781577.283
1852,3IN,1239623.575,1781577.283
1853,3IN,1239623.575,1781577.283
1854,3IN,1239623.575,1781577.283
1855,3IN,1239623.575,1781577.283
1856,3IN,1239623.575,1781577.283
1857,3IN,1239623.575,1781577.283
1858,3IN,1239623.575,1781577.283
1859,3IN,1239623.575,1781577.283
1860,3IN,1239623.575,1781577.283
1861,3IN,1239623.575,1781577.283
1862,3IN,1239623.575,1781577.283
1863,3IN,1239623.575,1781577.283
1864,3IN,1239623.575,1781577.283
1865,3IN,1239623.575,1781577.283
1866,3IN,1239623.575,1781577.283
1867,3IN,1239623.575,1781577.283
1868,3IN,1239623.575,1781577.283
1869,3IN,1239623.575,1781577.283
1870,3IN,1239623.575,1781577.283
1871,3IN,1239623.575,1781577.283
1872,3IN,1239623.575,1781577.283
1873,3IN,1239623.575,1781577.283
1874,3IN,1239623.575,1781577.283
1875,3IN,1239623.575,1781577.283
1876,XIN,1353281.313,1752452.604
1877,XIN,1353281.313,1752452.604
1878,3IN,1239623.575,1781577.283
1879,XIN,1353281.313,1752452.604
1880,XIN,1353281.313,1752452.604
1881,XIN,1353281.313,1752452.604
1882,XIN,1353281.313,1752452.604
1883,XIN,1353281.313,1752452.604
1884,XIN,1353281.313,1752452.604
1885,XIN,1353281.313,1752452.604
1886,XIN,1353281.313,1752452.604
1887,XIN,1353281.313,1752452.604
1888,XIN,1353281.313,1752452.604
1889,XIN,1353281.313,1752452.604
1890,XIN,1353281.313,1752452.604
1891,XIN,1353281.313,1752452.604
1892,XIN,1353281.313,1752452.604
1893,XIN,1353281.313,1752452.604
1894,XIN,1353281.313,1752452.604
1895,XIN,1353281.313,1752452.604
1896,XIN,1353281.313,1752452.604
1897,XIN,1353281.313,1752452.604
1898,XIN,1353281.313,1752452.604
1899,XIN,1353281.313,1752452.604
1900,XIN,1353281.313,1752452.604
1901,XIN,1353281.313,1752452.604
1902,XIN,1353281.313,1752452.604
1903,XIN,1353281.313,1752452.604
1904,XIN,1353281.313,1752452.604
1905,XIN,1353281.313,1752452.604
1906,XIN,1353281.313,1752452.604
1907,XIN,1353281.313,1752452.604
1908,XIN,1353281.313,1752452.604
1909,XIN,1353281.313,1752452.604
1910,XWI,996296.6575,2186680.367
1911,XWI,996296.6575,2186680.367
1912,XWI,996296.6575,2186680.367
1913,XWI,996296.6575,2186680.367
1914,XWI,996296.6575,2186680.367
1915,XWI,996296.6575,2186680.367
1916,XWI,996296.6575,2186680.367
1917,XWI,996296.6575,2186680.367
1918,XWI,996296.6575,2186680.367
1919,XWI,996296.6575,2186680.367
1920,XWI,996296.6575,2186680.367
1921,XWI,996296.6575,2186680.367
1922,XWI,996296.6575,2186680.367
1923,XWI,996296.6575,2186680.367
1924,XWI,996296.6575,2186680.367
1925,XWI,996296.6575,2186680.367
1926,XWI,996296.6575,2186680.367
1927,XWI,996296.6575,2186680.367
1928,XWI,996296.6575,2186680.367
1929,XWI,996296.6575,2186680.367
1930,XWI,996296.6575,2186680.367
1931,XWI,996296.6575,2186680.367
1932,XWI,996296.6575,2186680.367
1933,XWI,996296.6575,2186680.367
1934,XWI,996296.6575,2186680.367
1935,XWI,996296.6575,2186680.367
1936,XWI,996296.6575,2186680.367
1937,XWI,996296.6575,2186680.367
1938,XWI,996296.6575,2186680.367
1939,XWI,996296.6575,2186680.367
1940,XWI,996296.6575,2186680.367
1941,XWI,996296.6575,2186680.367
1942,XWI,996296.6575,2186680.367
1943,XWI,996296.6575,2186680.367
1944,XWI,996296.6575,2186680.367
